고유번호	종목코드	법인명	거래소통용종목명	영문법인명	시장구분	업종	섹터	상장일	2026-07-24기준시가총액
00126380	005930	삼성전자	삼성전자	SAMSUNG ELECTRONICS CO,.LTD	KOSPI	IT	반도체·전자부품	1975-06-11	14586465억원
00164779	000660	SK하이닉스	SK하이닉스	SK hynix Inc.	KOSPI	IT	반도체·전자부품	1996-12-26	12536435억원
00126371	009150	삼성전기	삼성전기	SAMSUNG ELECTRO-MECHANICS CO.,LTD	KOSPI	IT	반도체·전자부품	1979-02-27	990438억원
00161383	042700	한미반도체	한미반도체	HANMI Semiconductor CO., LTD.	KOSPI	IT	반도체·전자부품	2005-07-22	190624억원
00105961	011070	LG이노텍	LG이노텍	LG INNOTEK CO., LTD.	KOSPI	IT	반도체·전자부품	2008-07-24	147919억원
00164742	005380	현대자동차	현대차	HYUNDAI MOTOR CO	KOSPI	경기관련소비재	자동차·모빌리티	1974-06-28	821079억원
00106641	000270	기아	기아	KIA CORPORATION	KOSPI	경기관련소비재	자동차·모빌리티	1973-07-21	509489억원
00164788	012330	현대모비스	현대모비스	HYUNDAI MOBIS CO.,LTD	KOSPI	경기관련소비재	자동차·모빌리티	1989-09-05	437331억원
00362441	307950	현대오토에버	현대오토에버	HYUNDAI AUTOEVER CORPORATION.	KOSPI	IT	자동차·모빌리티	2019-03-28	103937억원
01261644	277810	레인보우로보틱스	레인보우로보틱스	Rainbow Robotics	KOSDAQ	산업재	로봇	2021-02-03	81188억원
01105153	454910	두산로보틱스	두산로보틱스	Doosan Robotics Inc.	KOSPI	산업재	로봇	2023-10-05	41939억원
01515323	373220	LG에너지솔루션	LG에너지솔루션	LG ENERGY SOLUTION, LTD.	KOSPI	산업재	2차전지	2022-01-27	771030억원
00126362	006400	삼성SDI	삼성SDI	SAMSUNG SDI CO.,LTD	KOSPI	산업재	2차전지	1979-02-27	344906억원
01160363	247540	에코프로비엠	에코프로비엠	ECOPRO BM CO.,LTD.	KOSDAQ	소재	2차전지	2019-03-05	105950억원
00155319	005490	POSCO홀딩스	POSCO홀딩스	POSCO Holdings Inc.	KOSPI	소재	철강	1988-06-10	248026억원
00145880	004020	현대제철	현대제철	HYUNDAI STEEL COMPANY	KOSPI	소재	철강	1987-05-23	37031억원
00106669	001430	세아베스틸지주	세아베스틸지주	SeAH Besteel Holdings Corporation	KOSPI	소재	철강	1991-03-12	12588억원
00102858	010130	고려아연	고려아연	KOREA ZINC INC	KOSPI	소재	비철금속	1990-07-28	224384억원
00126256	032830	삼성생명	삼성생명	Samsung Life Insurance co., Ltd	KOSPI	금융	금융·보험	2010-05-12	636000억원
00688996	105560	KB금융	KB금융	KB Financial Group Inc.	KOSPI	금융	금융·보험	2008-10-10	608289억원
00382199	055550	신한지주	신한지주	SHINHAN FINANCIAL GROUP CO.,LTD	KOSPI	금융	금융·보험	2001-09-10	495539억원
00547583	086790	하나금융지주	하나금융지주	Hana Financial Group Inc.	KOSPI	금융	금융·보험	2005-12-12	363263억원
00139214	000810	삼성화재해상보험	삼성화재	SAMSUNG FIRE & MARINE INSURANCE CO.,LTD	KOSPI	금융	금융·보험	1975-06-30	287530억원
01350869	316140	우리금융지주	우리금융지주	Woori Financial Group Inc.	KOSPI	금융	금융·보험	2019-02-13	224616억원
00111722	006800	미래에셋증권	미래에셋증권	MIRAE ASSET SECURITIES CO.,LTD.	KOSPI	금융	금융·보험	1975-09-30	206480억원
00860332	138040	메리츠금융지주	메리츠금융지주	MERITZ FINANCIAL GROUP INC.	KOSPI	금융	금융·보험	2011-05-13	206339억원
00266961	035420	NAVER	NAVER	NAVER Corporation	KOSPI	커뮤니케이션서비스	AI소프트웨어·플랫폼	2008-11-28	325659억원
00258801	035720	카카오	카카오	Kakao Corp.	KOSPI	커뮤니케이션서비스	AI소프트웨어·플랫폼	2017-07-10	160359억원
00139834	064400	LG씨엔에스	LG씨엔에스	LG CNS Co., Ltd.	KOSPI	IT	AI소프트웨어·플랫폼	2025-02-05	62491억원
00159023	017670	SK텔레콤	SK텔레콤	SK TELECOM CO.,LTD	KOSPI	커뮤니케이션서비스	통신	1989-11-07	214790억원
00190321	030200	케이티	KT	KT CORPORATION	KOSPI	커뮤니케이션서비스	통신	1998-12-23	136344억원
00231363	032640	LG유플러스	LG유플러스	LG Uplus Corp	KOSPI	커뮤니케이션서비스	통신	2008-04-21	62561억원
00760971	259960	크래프톤	크래프톤	KRAFTON, Inc.	KOSPI	커뮤니케이션서비스	게임	2021-08-10	111884억원
00261443	036570	NC	엔씨소프트	NC Corporation	KOSPI	커뮤니케이션서비스	게임	2003-05-22	49120억원
01384787	462870	시프트업	시프트업	SHIFT UP Corporation.	KOSPI	커뮤니케이션서비스	게임	2024-07-11	18004억원
00877059	207940	삼성바이오로직스	삼성바이오로직스	SAMSUNG BIOLOGICS CO.,LTD.	KOSPI	건강관리	바이오·제약	2016-11-10	702697억원
00413046	068270	셀트리온	셀트리온	Celltrion, Inc.	KOSPI	건강관리	바이오·제약	2018-02-09	413015억원
00989619	196170	알테오젠	알테오젠	Alteogen Inc.	KOSDAQ	건강관리	바이오·제약	2014-12-12	161027억원
00828497	128940	한미약품	한미약품	Hanmi Pharm. Co., Ltd.	KOSPI	건강관리	바이오·제약	2010-07-30	50219억원
00970453	214450	파마리서치	파마리서치	PharmaResearch Co., Ltd.	KOSDAQ	건강관리	바이오·제약	2015-07-24	37091억원
01376715	347850	디앤디파마텍	디앤디파마텍	D&D Pharmatech Inc.	KOSDAQ	건강관리	바이오·제약	2024-05-02	27319억원
01390344	329180	HD현대중공업	HD현대중공업	HD HYUNDAI HEAVY INDUSTRIES CO.,LTD.	KOSPI	산업재	조선	2021-09-17	509587억원
00111704	042660	한화오션	한화오션	Hanwha Ocean Co., Ltd.	KOSPI	산업재	조선	2001-02-02	269337억원
00126478	010140	삼성중공업	삼성중공업	SAMSUNG HEAVY INDUSTRIES CO.,LTD	KOSPI	산업재	조선	1994-01-28	201520억원
00159616	034020	두산에너빌리티	두산에너빌리티	DOOSAN ENERBILITY CO., LTD.	KOSPI	산업재	원전	2000-10-25	461845억원
00159209	052690	한전기술	한전기술	KEPCO Engineering & Construction Company, Inc	KOSPI	산업재	원전	2009-12-14	37876억원
00231044	032820	우리기술	우리기술	Woori Technology, Incorporation	KOSDAQ	산업재	원전	2000-06-22	17195억원
00126566	012450	한화에어로스페이스	한화에어로스페이스	HANWHA AEROSPACE CO., LTD.	KOSPI	산업재	방산·항공우주	1987-05-27	504806억원
00302926	064350	현대로템	현대로템	Hyundai-Rotem Co.	KOSPI	산업재	방산·항공우주	2013-10-30	172881억원
00503668	079550	LIG디펜스앤에어로스페이스	LIG넥스원	LIG Defense&Aerospace Co., Ltd.	KOSPI	산업재	방산·항공우주	2015-10-02	167640억원
00309503	047810	한국항공우주	한국항공우주	KOREA AEROSPACE INDUSTRIES, LTD.	KOSPI	산업재	방산·항공우주	2011-06-30	154108억원
00583424	090430	아모레퍼시픽	아모레퍼시픽	AMOREPACIFIC CORP.	KOSPI	필수소비재	소비재·유통	2006-06-29	69021억원
00356370	051900	LG생활건강	LG생활건강	LG H&H Co., Ltd.	KOSPI	필수소비재	소비재·유통	2001-04-25	37214억원
00635134	097950	CJ제일제당	CJ제일제당	CJ CHEILJEDANG CORP.	KOSPI	필수소비재	소비재·유통	2007-09-28	29220억원
00872984	139480	이마트	이마트	E-MART Inc.	KOSPI	필수소비재	소비재·유통	2011-06-10	22711억원
00164478	000720	현대건설	현대건설	HYUNDAI ENGINEERING & CONSTRUCTION CO.,LTD	KOSPI	산업재	건설	1984-12-22	118260억원
00126308	028050	삼성E&A	삼성E&A	SAMSUNG E&A CO.,LTD	KOSPI	산업재	건설	1996-12-24	93296억원
00124540	047040	대우건설	대우건설	DAEWOO ENGINEERING & CONSTRUCTION CO.,LTD	KOSPI	산업재	건설	2001-03-23	62869억원
00164645	011200	HMM	HMM	HMM CO.,LTD	KOSPI	산업재	운송·물류	1995-10-05	204211억원
00360595	086280	현대글로비스	현대글로비스	HYUNDAI GLOVIS Co., LTD.	KOSPI	산업재	운송·물류	2005-12-26	155250억원
00105855	010120	엘에스일렉트릭	LS ELECTRIC	LS ELECTRIC CO., LTD	KOSPI	산업재	전력기기	1994-07-11	303000억원
01205851	267260	HD현대일렉트릭	HD현대일렉트릭	HD HYUNDAI ELECTRIC CO.,LTD	KOSPI	산업재	전력기기	2017-05-10	291982억원
01316245	298040	효성중공업	효성중공업	Hyosung Heavy Industries Corporation	KOSPI	산업재	전력기기	2018-07-13	249991억원
00162461	009830	한화솔루션	한화솔루션	HANWHA SOLUTIONS CORPORATION	KOSPI	소재	신재생에너지	1974-06-19	51568억원
00148896	010060	OCI홀딩스	OCI홀딩스	OCI Holdings Company Ltd.	KOSPI	소재	신재생에너지	1985-07-09	46676억원
01412725	336260	두산퓨얼셀	두산퓨얼셀	Doosan Fuel Cell Co., Ltd.	KOSPI	산업재	신재생에너지	2019-10-18	28031억원
01204056	352820	하이브	하이브	HYBE Co., Ltd.	KOSPI	커뮤니케이션서비스	엔터테인먼트	2020-10-15	91386억원
00260930	041510	에스엠	에스엠	SM ENTERTAINMENT CO., Ltd.	KOSDAQ	커뮤니케이션서비스	엔터테인먼트	2000-04-27	15980억원
00258689	035900	JYP Ent	JYP Ent	JYP Entertainment Corporation	KOSDAQ	커뮤니케이션서비스	엔터테인먼트	2001-08-30	15936억원
00613318	122870	와이지엔터테인먼트	와이지엔터테인먼트	YG Entertainment Inc.	KOSDAQ	커뮤니케이션서비스	엔터테인먼트	2011-11-23	7439억원
None	None	None	None	None	None	None	None	None	None억원
None	None	None	None	None	None	None	None	None	None억원
None	None	None	None	None	None	None	None	None	None억원
None	None	None	None	None	None	None	None	None	None억원
None	None	None	None	None	None	None	None	None	None억원
None	None	None	None	None	None	None	None	None	None억원
None	None	None	None	None	None	None	None	None	None억원
None	None	None	None	None	None	None	None	None	None억원
None	None	None	None	None	None	None	None	None	None억원
None	None	None	None	None	None	None	None	None	None억원
None	None	None	None	None	None	None	None	None	None억원
None	None	None	None	None	None	None	None	None	None억원
None	None	None	None	None	None	None	None	None	None억원
None	None	None	None	None	None	None	None	None	None억원
None	None	None	None	None	None	None	None	None	None억원
None	None	None	None	None	None	None	None	None	None억원
None	None	None	None	None	None	None	None	None	None억원
None	None	None	None	None	None	None	None	None	None억원
None	None	None	None	None	None	None	None	None	None억원
None	None	None	None	None	None	None	None	None	None억원
None	None	None	None	None	None	None	None	None	None억원
None	None	None	None	None	None	None	None	None	None억원
None	None	None	None	None	None	None	None	None	None억원
None	None	None	None	None	None	None	None	None	None억원
None	None	None	None	None	None	None	None	None	None억원
None	None	None	None	None	None	None	None	None	None억원
None	None	None	None	None	None	None	None	None	None억원
None	None	None	None	None	None	None	None	None	None억원
None	None	None	None	None	None	None	None	None	None억원
None	None	None	None	None	None	None	None	None	None억원
None	None	None	None	None	None	None	None	None	None억원
None	None	None	None	None	None	None	None	None	None억원
None	None	None	None	None	None	None	None	None	None억원
None	None	None	None	None	None	None	None	None	None억원
None	None	None	None	None	None	None	None	None	None억원
None	None	None	None	None	None	None	None	None	None억원
None	None	None	None	None	None	None	None	None	None억원
None	None	None	None	None	None	None	None	None	None억원
None	None	None	None	None	None	None	None	None	None억원
None	None	None	None	None	None	None	None	None	None억원
None	None	None	None	None	None	None	None	None	None억원
None	None	None	None	None	None	None	None	None	None억원
None	None	None	None	None	None	None	None	None	None억원
None	None	None	None	None	None	None	None	None	None억원
None	None	None	None	None	None	None	None	None	None억원
None	None	None	None	None	None	None	None	None	None억원
None	None	None	None	None	None	None	None	None	None억원
None	None	None	None	None	None	None	None	None	None억원
None	None	None	None	None	None	None	None	None	None억원
None	None	None	None	None	None	None	None	None	None억원
None	None	None	None	None	None	None	None	None	None억원
None	None	None	None	None	None	None	None	None	None억원
None	None	None	None	None	None	None	None	None	None억원
None	None	None	None	None	None	None	None	None	None억원
None	None	None	None	None	None	None	None	None	None억원
None	None	None	None	None	None	None	None	None	None억원
None	None	None	None	None	None	None	None	None	None억원
None	None	None	None	None	None	None	None	None	None억원
None	None	None	None	None	None	None	None	None	None억원
None	None	None	None	None	None	None	None	None	None억원
None	None	None	None	None	None	None	None	None	None억원
None	None	None	None	None	None	None	None	None	None억원
None	None	None	None	None	None	None	None	None	None억원
None	None	None	None	None	None	None	None	None	None억원
None	None	None	None	None	None	None	None	None	None억원
None	None	None	None	None	None	None	None	None	None억원
None	None	None	None	None	None	None	None	None	None억원
None	None	None	None	None	None	None	None	None	None억원
None	None	None	반도체·전자부품	None	None	None	None	None	None억원
None	None	None	자동차·모빌리티	None	None	None	None	None	None억원
None	None	None	로봇	None	None	None	None	None	None억원
None	None	None	2차전지	None	None	None	None	None	None억원
None	None	None	철강	None	None	None	None	None	None억원
None	None	None	비철금속	None	None	None	문서 수	분포	None억원
None	None	None	금융·보험	None	None	None	157	0.2625	None억원
None	None	None	AI소프트웨어·플랫폼	None	None	None	91	0.1522	None억원
None	None	None	통신	None	None	None	71	0.1187	None억원
None	None	None	게임	None	None	None	56	0.0936	None억원
None	None	None	바이오·제약	None	None	None	47	0.0786	None억원
None	None	None	조선	None	None	None	43	0.0719	None억원
None	None	None	원전	None	None	None	24	0.0401	None억원
None	None	None	방산·항공우주	None	None	None	22	0.0368	None억원
None	None	None	소비재·유통	None	None	None	12	0.0201	None억원
None	None	None	건설	None	None	None	12	0.0201	None억원
None	None	None	운송·물류	None	None	None	8	0.0134	None억원
None	None	None	전력기기	None	None	None	7	0.0117	None억원
None	None	None	신재생에너지	None	None	None	6	0.01	None억원
None	None	None	엔터테인먼트	None	None	None	6	0.01	None억원
None	None	None	None	None	None	None	5	0.0084	None억원
None	None	None	None	None	None	None	5	0.0084	None억원
None	None	None	None	None	None	None	4	0.0067	None억원
None	None	None	None	None	None	None	4	0.0067	None억원
None	None	None	None	None	None	None	4	0.0067	None억원
None	None	None	None	None	None	None	3	0.005	None억원
None	None	None	None	None	None	None	2	0.0033	None억원
None	None	None	None	None	None	None	2	0.0033	None억원
None	None	None	None	None	None	None	2	0.0033	None억원
None	None	None	None	None	None	None	1	0.0017	None억원
None	None	None	None	None	None	None	1	0.0017	None억원
None	None	None	None	None	None	None	1	0.0017	None억원
None	None	None	None	None	None	None	1	0.0017	None억원
None	None	None	None	None	None	None	1	0.0017	None억원
